country,date,api,status,bytes,referer,time
ch,27/Dec/2037:12:00:00,DELETE/usr/admin,502,4963,-,45
fr,27/Dec/2037:12:00:00,GET/usr/admin/developer,200,5041,http://www.parker-miller.org/tag/list/list/privacy/,3885
tl,27/Dec/2037:12:00:00,POST/usr/register,404,5028,-,3350
ar,27/Dec/2037:12:00:00,PUT/usr/register,304,4936,http://www.parker-miller.org/tag/list/list/privacy/,767
fr,27/Dec/2037:12:00:00,POST/usr,304,4979,http://www.parker-miller.org/tag/list/list/privacy/,84
ch,27/Dec/2037:12:00:00,PUT/usr/admin/developer,403,5054,http://www.parker-miller.org/tag/list/list/privacy/,3629
fr,27/Dec/2037:12:00:00,DELETE/usr/register,304,5152,-,4679
tl,27/Dec/2037:12:00:00,GET/usr,303,5011,http://www.parker-miller.org/tag/list/list/privacy/,4541
ar,27/Dec/2037:12:00:00,POST/usr,502,5008,-,1213
fr,27/Dec/2037:12:00:00,DELETE/usr/admin,500,4960,-,4068
ch,27/Dec/2037:12:00:00,PUT/usr/admin/developer,502,5060,http://www.parker-miller.org/tag/list/list/privacy/,3253
fr,27/Dec/2037:12:00:00,PUT/usr/register,200,4934,http://www.parker-miller.org/tag/list/list/privacy/,1286
tl,27/Dec/2037:12:00:00,PUT/usr,500,4881,-,4049
ar,27/Dec/2037:12:00:00,GET/usr/register,500,5044,http://www.parker-miller.org/tag/list/list/privacy/,4237
fr,27/Dec/2037:12:00:00,GET/usr/admin,304,5016,http://www.parker-miller.org/tag/list/list/privacy/,2670
ch,27/Dec/2037:12:00:00,GET/usr/login,200,5059,-,607
fr,27/Dec/2037:12:00:00,PUT/usr,303,4989,-,4241
tl,27/Dec/2037:12:00:00,PUT/usr/login,403,4957,http://www.parker-miller.org/tag/list/list/privacy/,3707
ar,27/Dec/2037:12:00:00,GET/usr/register,404,4925,http://www.parker-miller.org/tag/list/list/privacy/,4684
fr,27/Dec/2037:12:00:00,PUT/usr,304,4951,-,1515
ch,27/Dec/2037:12:00:00,DELETE/usr/admin,304,5089,http://www.parker-miller.org/tag/list/list/privacy/,3179
fr,27/Dec/2037:12:00:00,PUT/usr/admin,200,4922,-,1837
tl,27/Dec/2037:12:00:00,GET/usr/register,502,5017,-,1753
ar,27/Dec/2037:12:00:00,PUT/usr,200,4917,http://www.parker-miller.org/tag/list/list/privacy/,4811
fr,27/Dec/2037:12:00:00,DELETE/usr/admin/developer,502,4986,-,3824
ch,27/Dec/2037:12:00:00,POST/usr,304,4965,-,4291
fr,27/Dec/2037:12:00:00,DELETE/usr/login,304,5077,http://www.parker-miller.org/tag/list/list/privacy/,516
tl,27/Dec/2037:12:00:00,GET/usr/register,304,4992,-,379
ar,27/Dec/2037:12:00:00,GET/usr,404,4961,http://www.parker-miller.org/tag/list/list/privacy/,2529
fr,27/Dec/2037:12:00:00,PUT/usr/register,404,4990,http://www.parker-miller.org/tag/list/list/privacy/,788
ch,27/Dec/2037:12:00:00,GET/usr,502,5028,-,3099
fr,27/Dec/2037:12:00:00,GET/usr/login,200,4959,-,2248
tl,27/Dec/2037:12:00:00,POST/usr,303,4926,-,822
ar,27/Dec/2037:12:00:00,POST/usr/login,502,4940,http://www.parker-miller.org/tag/list/list/privacy/,4686
fr,27/Dec/2037:12:00:00,DELETE/usr/register,502,4997,-,4104
ch,27/Dec/2037:12:00:00,PUT/usr/login,502,5019,-,3805
fr,27/Dec/2037:12:00:00,PUT/usr/admin,403,5024,-,3354
tl,27/Dec/2037:12:00:00,DELETE/usr/admin,200,5044,http://www.parker-miller.org/tag/list/list/privacy/,1409
ar,27/Dec/2037:12:00:00,PUT/usr/admin/developer,500,4947,http://www.parker-miller.org/tag/list/list/privacy/,1127
fr,27/Dec/2037:12:00:00,PUT/usr/login,404,4980,-,2258
ch,27/Dec/2037:12:00:00,POST/usr/register,200,4959,http://www.parker-miller.org/tag/list/list/privacy/,4871
fr,27/Dec/2037:12:00:00,GET/usr/admin,303,4989,-,1995
tl,27/Dec/2037:12:00:00,POST/usr/login,500,5056,http://www.parker-miller.org/tag/list/list/privacy/,455
ar,27/Dec/2037:12:00:00,POST/usr,200,4966,-,3609
fr,27/Dec/2037:12:00:00,GET/usr/login,502,4950,http://www.parker-miller.org/tag/list/list/privacy/,480
ch,27/Dec/2037:12:00:00,PUT/usr/login,403,4936,http://www.parker-miller.org/tag/list/list/privacy/,808
fr,27/Dec/2037:12:00:00,PUT/usr/admin/developer,303,4986,http://www.parker-miller.org/tag/list/list/privacy/,1160
tl,27/Dec/2037:12:00:00,POST/usr/admin/developer,502,4955,-,4370
ar,27/Dec/2037:12:00:00,POST/usr/admin,500,5024,http://www.parker-miller.org/tag/list/list/privacy/,1994
fr,27/Dec/2037:12:00:00,GET/usr/admin,404,4967,-,1988
ch,27/Dec/2037:12:00:00,DELETE/usr/admin/developer,304,4981,-,4899
fr,27/Dec/2037:12:00:00,DELETE/usr/login,304,5023,-,1028
tl,27/Dec/2037:12:00:00,PUT/usr/login,303,4952,http://www.parker-miller.org/tag/list/list/privacy/,2516
ar,27/Dec/2037:12:00:00,POST/usr/admin,500,5005,-,1346
fr,27/Dec/2037:12:00:00,DELETE/usr,404,5098,http://www.parker-miller.org/tag/list/list/privacy/,374
ch,27/Dec/2037:12:00:00,DELETE/usr,403,5038,-,4252
fr,27/Dec/2037:12:00:00,PUT/usr/login,500,5022,-,4104
tl,27/Dec/2037:12:00:00,DELETE/usr/login,303,4978,-,989
ar,27/Dec/2037:12:00:00,GET/usr/admin/developer,500,5006,-,3507
fr,27/Dec/2037:12:00:00,POST/usr/register,500,4980,-,2580
ch,27/Dec/2037:12:00:00,DELETE/usr/register,303,4969,http://www.parker-miller.org/tag/list/list/privacy/,1618
fr,27/Dec/2037:12:00:00,POST/usr/admin/developer,304,5053,-,1005
tl,27/Dec/2037:12:00:00,POST/usr/admin/developer,403,5044,-,2347
ar,27/Dec/2037:12:00:00,POST/usr/admin,304,5001,http://www.parker-miller.org/tag/list/list/privacy/,2634
fr,27/Dec/2037:12:00:00,DELETE/usr/login,303,5017,-,3328
ch,27/Dec/2037:12:00:00,POST/usr/login,200,5088,http://www.parker-miller.org/tag/list/list/privacy/,296
fr,27/Dec/2037:12:00:00,DELETE/usr/admin/developer,500,4973,http://www.parker-miller.org/tag/list/list/privacy/,4576
tl,27/Dec/2037:12:00:00,GET/usr/admin/developer,500,5029,-,4190
ar,27/Dec/2037:12:00:00,PUT/usr/register,200,5046,http://www.parker-miller.org/tag/list/list/privacy/,3713
fr,27/Dec/2037:12:00:00,PUT/usr,502,5029,http://www.parker-miller.org/tag/list/list/privacy/,4235
ch,27/Dec/2037:12:00:00,PUT/usr/register,303,5036,http://www.parker-miller.org/tag/list/list/privacy/,2636
fr,27/Dec/2037:12:00:00,GET/usr,303,4966,http://www.parker-miller.org/tag/list/list/privacy/,1244
tl,27/Dec/2037:12:00:00,POST/usr/admin,502,4931,-,4915
ar,27/Dec/2037:12:00:00,PUT/usr/login,404,5066,http://www.parker-miller.org/tag/list/list/privacy/,4674
fr,27/Dec/2037:12:00:00,POST/usr/register,200,4924,-,1795
ch,27/Dec/2037:12:00:00,DELETE/usr/admin,404,5033,http://www.parker-miller.org/tag/list/list/privacy/,371
fr,27/Dec/2037:12:00:00,DELETE/usr/login,500,4969,-,1406
tl,27/Dec/2037:12:00:00,PUT/usr,303,5035,http://www.parker-miller.org/tag/list/list/privacy/,2123
ar,27/Dec/2037:12:00:00,POST/usr/admin/developer,403,5024,-,2738
fr,27/Dec/2037:12:00:00,DELETE/usr,500,5101,http://www.parker-miller.org/tag/list/list/privacy/,1323
ch,27/Dec/2037:12:00:00,GET/usr/admin/developer,404,4981,http://www.parker-miller.org/tag/list/list/privacy/,3119
fr,27/Dec/2037:12:00:00,DELETE/usr/register,304,4965,-,4761
tl,27/Dec/2037:12:00:00,PUT/usr/admin/developer,304,5024,http://www.parker-miller.org/tag/list/list/privacy/,2652
ar,27/Dec/2037:12:00:00,GET/usr/admin,304,5084,http://www.parker-miller.org/tag/list/list/privacy/,2287
fr,27/Dec/2037:12:00:00,DELETE/usr/admin,303,4947,-,92
ch,27/Dec/2037:12:00:00,POST/usr,200,4995,http://www.parker-miller.org/tag/list/list/privacy/,4088
fr,27/Dec/2037:12:00:00,GET/usr,404,4997,http://www.parker-miller.org/tag/list/list/privacy/,1750
tl,27/Dec/2037:12:00:00,DELETE/usr/register,304,5067,http://www.parker-miller.org/tag/list/list/privacy/,915
ar,27/Dec/2037:12:00:00,PUT/usr/register,500,5043,-,688
fr,27/Dec/2037:12:00:00,PUT/usr/register,502,4917,http://www.parker-miller.org/tag/list/list/privacy/,4023
ch,27/Dec/2037:12:00:00,GET/usr/login,502,5034,http://www.parker-miller.org/tag/list/list/privacy/,4331
fr,27/Dec/2037:12:00:00,GET/usr/admin,200,4976,http://www.parker-miller.org/tag/list/list/privacy/,1582
tl,27/Dec/2037:12:00:00,POST/usr/login,403,4965,-,2631
ar,27/Dec/2037:12:00:00,POST/usr,404,5031,http://www.parker-miller.org/tag/list/list/privacy/,1664
fr,27/Dec/2037:12:00:00,PUT/usr,200,4995,-,1670
ch,27/Dec/2037:12:00:00,GET/usr/admin/developer,502,4973,http://www.parker-miller.org/tag/list/list/privacy/,3929
fr,27/Dec/2037:12:00:00,POST/usr/login,502,4932,-,3259
tl,27/Dec/2037:12:00:00,GET/usr/admin/developer,303,5068,http://www.parker-miller.org/tag/list/list/privacy/,113
ar,27/Dec/2037:12:00:00,DELETE/usr/register,303,5077,-,459
fr,27/Dec/2037:12:00:00,GET/usr,502,4972,-,2756
ch,27/Dec/2037:12:00:00,POST/usr/admin,404,4912,-,2620
fr,27/Dec/2037:12:00:00,DELETE/usr/admin/developer,404,5039,-,4865
tl,27/Dec/2037:12:00:00,GET/usr,404,4933,-,2657
ar,27/Dec/2037:12:00:00,PUT/usr/login,404,5028,-,2151
fr,27/Dec/2037:12:00:00,PUT/usr/admin,200,4961,http://www.parker-miller.org/tag/list/list/privacy/,733
ch,27/Dec/2037:12:00:00,PUT/usr/admin/developer,500,5034,-,305
fr,27/Dec/2037:12:00:00,GET/usr,403,4998,-,4506
tl,27/Dec/2037:12:00:00,POST/usr/register,200,5006,-,2657
ar,27/Dec/2037:12:00:00,GET/usr,304,4981,-,290
fr,27/Dec/2037:12:00:00,PUT/usr,304,4978,http://www.parker-miller.org/tag/list/list/privacy/,3928
ch,27/Dec/2037:12:00:00,DELETE/usr/admin/developer,403,4986,http://www.parker-miller.org/tag/list/list/privacy/,4341
fr,27/Dec/2037:12:00:00,GET/usr/login,502,4940,-,2558
tl,27/Dec/2037:12:00:00,GET/usr/register,304,4994,http://www.parker-miller.org/tag/list/list/privacy/,818
ar,27/Dec/2037:12:00:00,DELETE/usr,200,5036,-,1675
fr,27/Dec/2037:12:00:00,PUT/usr,303,5037,http://www.parker-miller.org/tag/list/list/privacy/,2959
ch,27/Dec/2037:12:00:00,GET/usr/login,200,4977,http://www.parker-miller.org/tag/list/list/privacy/,1795
fr,27/Dec/2037:12:00:00,POST/usr/admin,403,4951,-,3536
tl,27/Dec/2037:12:00:00,PUT/usr/admin,404,5020,http://www.parker-miller.org/tag/list/list/privacy/,3865
ar,27/Dec/2037:12:00:00,DELETE/usr/admin,403,5058,http://www.parker-miller.org/tag/list/list/privacy/,233
fr,27/Dec/2037:12:00:00,PUT/usr/login,500,5017,-,4191
ch,27/Dec/2037:12:00:00,PUT/usr/register,403,5004,-,4541
fr,27/Dec/2037:12:00:00,DELETE/usr/login,500,4921,http://www.parker-miller.org/tag/list/list/privacy/,4674
tl,27/Dec/2037:12:00:00,GET/usr/admin,404,4900,-,4579
ar,27/Dec/2037:12:00:00,GET/usr/login,200,5017,http://www.parker-miller.org/tag/list/list/privacy/,2596
fr,27/Dec/2037:12:00:00,PUT/usr/admin/developer,502,5038,http://www.parker-miller.org/tag/list/list/privacy/,966
ch,27/Dec/2037:12:00:00,PUT/usr/admin/developer,502,4943,http://www.parker-miller.org/tag/list/list/privacy/,3949
fr,27/Dec/2037:12:00:00,DELETE/usr/register,304,5034,http://www.parker-miller.org/tag/list/list/privacy/,4703
tl,27/Dec/2037:12:00:00,DELETE/usr,200,4946,-,3973
ar,27/Dec/2037:12:00:00,POST/usr/admin,304,4970,http://www.parker-miller.org/tag/list/list/privacy/,1933
fr,27/Dec/2037:12:00:00,DELETE/usr/register,304,4998,-,2543
ch,27/Dec/2037:12:00:00,PUT/usr,200,5055,http://www.parker-miller.org/tag/list/list/privacy/,3998
fr,27/Dec/2037:12:00:00,PUT/usr/login,404,5020,-,4282
tl,27/Dec/2037:12:00:00,POST/usr/admin/developer,304,5005,http://www.parker-miller.org/tag/list/list/privacy/,3524
ar,27/Dec/2037:12:00:00,DELETE/usr/login,404,5073,-,3124
fr,27/Dec/2037:12:00:00,PUT/usr/admin,303,4942,http://www.parker-miller.org/tag/list/list/privacy/,3793
ch,27/Dec/2037:12:00:00,DELETE/usr/login,304,5005,http://www.parker-miller.org/tag/list/list/privacy/,1197
fr,27/Dec/2037:12:00:00,PUT/usr/login,403,4977,-,3230
tl,27/Dec/2037:12:00:00,POST/usr/admin/developer,303,5015,-,1368
ar,27/Dec/2037:12:00:00,GET/usr/admin,200,5020,-,997
fr,27/Dec/2037:12:00:00,DELETE/usr/login,502,4954,-,413
ch,27/Dec/2037:12:00:00,POST/usr/admin/developer,303,4941,-,4771
fr,27/Dec/2037:12:00:00,PUT/usr,303,4997,-,2337
tl,27/Dec/2037:12:00:00,GET/usr/register,303,4977,-,1629
ar,27/Dec/2037:12:00:00,GET/usr/admin/developer,500,4958,http://www.parker-miller.org/tag/list/list/privacy/,2222
fr,27/Dec/2037:12:00:00,POST/usr/login,304,5144,http://www.parker-miller.org/tag/list/list/privacy/,3475
ch,27/Dec/2037:12:00:00,GET/usr/login,500,4995,http://www.parker-miller.org/tag/list/list/privacy/,45
fr,27/Dec/2037:12:00:00,DELETE/usr/admin,404,5018,http://www.parker-miller.org/tag/list/list/privacy/,1890
tl,27/Dec/2037:12:00:00,DELETE/usr/admin,403,5055,http://www.parker-miller.org/tag/list/list/privacy/,4726
ar,27/Dec/2037:12:00:00,DELETE/usr/admin/developer,403,4992,http://www.parker-miller.org/tag/list/list/privacy/,4957
fr,27/Dec/2037:12:00:00,PUT/usr,500,5018,http://www.parker-miller.org/tag/list/list/privacy/,3572
ch,27/Dec/2037:12:00:00,PUT/usr/admin,404,4984,-,3381
fr,27/Dec/2037:12:00:00,POST/usr/admin/developer,303,5050,http://www.parker-miller.org/tag/list/list/privacy/,4906
tl,27/Dec/2037:12:00:00,GET/usr,502,4979,http://www.parker-miller.org/tag/list/list/privacy/,4426
ar,27/Dec/2037:12:00:00,DELETE/usr/admin,303,5039,-,2968
fr,27/Dec/2037:12:00:00,PUT/usr/admin,500,4939,-,4415
ch,27/Dec/2037:12:00:00,GET/usr/register,303,4989,http://www.parker-miller.org/tag/list/list/privacy/,2923
fr,27/Dec/2037:12:00:00,DELETE/usr/admin,500,5043,http://www.parker-miller.org/tag/list/list/privacy/,2752
tl,27/Dec/2037:12:00:00,GET/usr/admin/developer,403,5054,-,509
ar,27/Dec/2037:12:00:00,GET/usr/login,200,5080,http://www.parker-miller.org/tag/list/list/privacy/,3957
fr,27/Dec/2037:12:00:00,POST/usr/admin,404,4958,http://www.parker-miller.org/tag/list/list/privacy/,1012
ch,27/Dec/2037:12:00:00,DELETE/usr,304,5092,http://www.parker-miller.org/tag/list/list/privacy/,4384
fr,27/Dec/2037:12:00:00,DELETE/usr/login,200,5059,-,330
tl,27/Dec/2037:12:00:00,POST/usr/admin,303,5027,-,3450
ar,27/Dec/2037:12:00:00,PUT/usr/login,500,5096,-,3557
fr,27/Dec/2037:12:00:00,POST/usr,500,5039,http://www.parker-miller.org/tag/list/list/privacy/,2013
ch,27/Dec/2037:12:00:00,GET/usr/register,304,4998,-,3361
fr,27/Dec/2037:12:00:00,DELETE/usr,502,5037,http://www.parker-miller.org/tag/list/list/privacy/,3654
tl,27/Dec/2037:12:00:00,GET/usr/admin/developer,500,4924,http://www.parker-miller.org/tag/list/list/privacy/,926
ar,27/Dec/2037:12:00:00,POST/usr/admin/developer,303,4939,http://www.parker-miller.org/tag/list/list/privacy/,3317
fr,27/Dec/2037:12:00:00,PUT/usr/admin,403,5011,http://www.parker-miller.org/tag/list/list/privacy/,622
ch,27/Dec/2037:12:00:00,DELETE/usr,200,5048,http://www.parker-miller.org/tag/list/list/privacy/,3518
fr,27/Dec/2037:12:00:00,GET/usr/register,304,5016,http://www.parker-miller.org/tag/list/list/privacy/,4653
tl,27/Dec/2037:12:00:00,POST/usr/admin,303,4961,-,1780
ar,27/Dec/2037:12:00:00,POST/usr/admin,200,4930,http://www.parker-miller.org/tag/list/list/privacy/,3493
fr,27/Dec/2037:12:00:00,GET/usr/admin/developer,502,5010,http://www.parker-miller.org/tag/list/list/privacy/,4749
ch,27/Dec/2037:12:00:00,POST/usr/admin/developer,502,5072,http://www.parker-miller.org/tag/list/list/privacy/,2216
fr,27/Dec/2037:12:00:00,POST/usr/login,304,4972,-,3015
tl,27/Dec/2037:12:00:00,POST/usr,500,4963,http://www.parker-miller.org/tag/list/list/privacy/,4415
ar,27/Dec/2037:12:00:00,GET/usr/register,502,4958,-,1894
fr,27/Dec/2037:12:00:00,POST/usr,500,5156,http://www.parker-miller.org/tag/list/list/privacy/,989
ch,27/Dec/2037:12:00:00,GET/usr/register,403,4980,-,3218
fr,27/Dec/2037:12:00:00,POST/usr,403,5000,-,1164
tl,27/Dec/2037:12:00:00,PUT/usr/register,500,5016,-,3982
ar,27/Dec/2037:12:00:00,POST/usr,403,5004,-,3812
fr,27/Dec/2037:12:00:00,POST/usr,500,4950,http://www.parker-miller.org/tag/list/list/privacy/,4601
ch,27/Dec/2037:12:00:00,PUT/usr/admin,502,5047,http://www.parker-miller.org/tag/list/list/privacy/,3612
fr,27/Dec/2037:12:00:00,POST/usr/admin/developer,500,5011,-,100
tl,27/Dec/2037:12:00:00,DELETE/usr/login,304,5030,http://www.parker-miller.org/tag/list/list/privacy/,2393
ar,27/Dec/2037:12:00:00,POST/usr,403,4959,-,741
fr,27/Dec/2037:12:00:00,POST/usr/login,200,4888,http://www.parker-miller.org/tag/list/list/privacy/,3961
ch,27/Dec/2037:12:00:00,POST/usr/register,403,5005,-,4057
fr,27/Dec/2037:12:00:00,POST/usr/admin/developer,303,4998,http://www.parker-miller.org/tag/list/list/privacy/,2931
tl,27/Dec/2037:12:00:00,PUT/usr,404,5028,-,2153
ar,27/Dec/2037:12:00:00,PUT/usr/register,502,5059,-,4357
fr,27/Dec/2037:12:00:00,PUT/usr,404,5065,http://www.parker-miller.org/tag/list/list/privacy/,4630
ch,27/Dec/2037:12:00:00,DELETE/usr/login,303,4974,http://www.parker-miller.org/tag/list/list/privacy/,4227
fr,27/Dec/2037:12:00:00,DELETE/usr/admin,303,4964,-,4244
tl,27/Dec/2037:12:00:00,PUT/usr/admin,403,5089,-,2338
ar,27/Dec/2037:12:00:00,DELETE/usr/register,304,4951,-,2162
fr,27/Dec/2037:12:00:00,GET/usr/login,304,4964,http://www.parker-miller.org/tag/list/list/privacy/,2113
ch,27/Dec/2037:12:00:00,DELETE/usr/login,403,5080,-,3133
